<?xml version="1.0" ?>
<ipxact:design xmlns:ipxact="http://www.accellera.org/XMLSchema/IPXACT/1685-2014" xmlns:lattice="http://www.latticesemi.com/lattice" xmlns:lsccip="http://www.latticesemi.com/XMLSchema/Radiant/ip">
    <ipxact:vendor>latticesemi.com</ipxact:vendor>
    <ipxact:library>module</ipxact:library>
    <ipxact:name>RAM</ipxact:name>
    <ipxact:version>2.1.0</ipxact:version>
    <ipxact:componentInstances>
        <ipxact:componentInstance>
            <ipxact:instanceName>lscc_ram_dp_inst</ipxact:instanceName>
            <ipxact:componentRef library="module" name="ram_dp" vendor="latticesemi.com" version="2.1.0">
                <ipxact:configurableElementValues>
                    <ipxact:configurableElementValue referenceId="FAMILY">iCE40UP</ipxact:configurableElementValue>
                    <ipxact:configurableElementValue referenceId="T_FAMILY">iCE40UP</ipxact:configurableElementValue>
                    <ipxact:configurableElementValue referenceId="MEM_ID">RAM</ipxact:configurableElementValue>
                    <ipxact:configurableElementValue referenceId="MEM_SIZE">8,34</ipxact:configurableElementValue>
                    <ipxact:configurableElementValue referenceId="WADDR_DEPTH">34</ipxact:configurableElementValue>
                    <ipxact:configurableElementValue referenceId="WDATA_WIDTH">8</ipxact:configurableElementValue>
                    <ipxact:configurableElementValue referenceId="RADDR_DEPTH">34</ipxact:configurableElementValue>
                    <ipxact:configurableElementValue referenceId="RDATA_WIDTH">8</ipxact:configurableElementValue>
                    <ipxact:configurableElementValue referenceId="Total Memory bits">272</ipxact:configurableElementValue>
                    <ipxact:configurableElementValue referenceId="WADDR_WIDTH">6</ipxact:configurableElementValue>
                    <ipxact:configurableElementValue referenceId="REGMODE">True</ipxact:configurableElementValue>
                    <ipxact:configurableElementValue referenceId="RADDR_WIDTH">6</ipxact:configurableElementValue>
                    <ipxact:configurableElementValue referenceId="OUTPUT_CLK_EN">False</ipxact:configurableElementValue>
                    <ipxact:configurableElementValue referenceId="RESETMODE">sync</ipxact:configurableElementValue>
                    <ipxact:configurableElementValue referenceId="BYTE_ENABLE">False</ipxact:configurableElementValue>
                    <ipxact:configurableElementValue referenceId="BYTE_WIDTH">1</ipxact:configurableElementValue>
                    <ipxact:configurableElementValue referenceId="BYTE_SIZE">8</ipxact:configurableElementValue>
                    <ipxact:configurableElementValue referenceId="ECC_ENABLE">False</ipxact:configurableElementValue>
                    <ipxact:configurableElementValue referenceId="INIT_MODE">none</ipxact:configurableElementValue>
                    <ipxact:configurableElementValue referenceId="INIT_FILE">none</ipxact:configurableElementValue>
                    <ipxact:configurableElementValue referenceId="INIT_FILE_FORMAT">hex</ipxact:configurableElementValue>
                    <ipxact:configurableElementValue referenceId="buff_init_file">1</ipxact:configurableElementValue>
                    <ipxact:configurableElementValue referenceId="INIT_VALUE_00">0x0000000000000000000000000000000000000000000000000000000000000000</ipxact:configurableElementValue>
                    <ipxact:configurableElementValue referenceId="INIT_VALUE_01">0x0000000000000000000000000000000000000000000000000000000000000000</ipxact:configurableElementValue>
                    <ipxact:configurableElementValue referenceId="INIT_VALUE_02">0x0000000000000000000000000000000000000000000000000000000000000000</ipxact:configurableElementValue>
                    <ipxact:configurableElementValue referenceId="INIT_VALUE_03">0x0000000000000000000000000000000000000000000000000000000000000000</ipxact:configurableElementValue>
                    <ipxact:configurableElementValue referenceId="INIT_VALUE_04">0x0000000000000000000000000000000000000000000000000000000000000000</ipxact:configurableElementValue>
                    <ipxact:configurableElementValue referenceId="INIT_VALUE_05">0x0000000000000000000000000000000000000000000000000000000000000000</ipxact:configurableElementValue>
                    <ipxact:configurableElementValue referenceId="INIT_VALUE_06">0x0000000000000000000000000000000000000000000000000000000000000000</ipxact:configurableElementValue>
                    <ipxact:configurableElementValue referenceId="INIT_VALUE_07">0x0000000000000000000000000000000000000000000000000000000000000000</ipxact:configurableElementValue>
                    <ipxact:configurableElementValue referenceId="INIT_VALUE_08">0x0000000000000000000000000000000000000000000000000000000000000000</ipxact:configurableElementValue>
                    <ipxact:configurableElementValue referenceId="INIT_VALUE_09">0x0000000000000000000000000000000000000000000000000000000000000000</ipxact:configurableElementValue>
                    <ipxact:configurableElementValue referenceId="INIT_VALUE_0A">0x0000000000000000000000000000000000000000000000000000000000000000</ipxact:configurableElementValue>
                    <ipxact:configurableElementValue referenceId="INIT_VALUE_0B">0x0000000000000000000000000000000000000000000000000000000000000000</ipxact:configurableElementValue>
                    <ipxact:configurableElementValue referenceId="INIT_VALUE_0C">0x0000000000000000000000000000000000000000000000000000000000000000</ipxact:configurableElementValue>
                    <ipxact:configurableElementValue referenceId="INIT_VALUE_0D">0x0000000000000000000000000000000000000000000000000000000000000000</ipxact:configurableElementValue>
                    <ipxact:configurableElementValue referenceId="INIT_VALUE_0E">0x0000000000000000000000000000000000000000000000000000000000000000</ipxact:configurableElementValue>
                    <ipxact:configurableElementValue referenceId="INIT_VALUE_0F">0x0000000000000000000000000000000000000000000000000000000000000000</ipxact:configurableElementValue>
                    <ipxact:configurableElementValue referenceId="INIT_VALUE_10">0x0000000000000000000000000000000000000000000000000000000000000000</ipxact:configurableElementValue>
                    <ipxact:configurableElementValue referenceId="INIT_VALUE_11">0x0000000000000000000000000000000000000000000000000000000000000000</ipxact:configurableElementValue>
                    <ipxact:configurableElementValue referenceId="INIT_VALUE_12">0x0000000000000000000000000000000000000000000000000000000000000000</ipxact:configurableElementValue>
                    <ipxact:configurableElementValue referenceId="INIT_VALUE_13">0x0000000000000000000000000000000000000000000000000000000000000000</ipxact:configurableElementValue>
                    <ipxact:configurableElementValue referenceId="INIT_VALUE_14">0x0000000000000000000000000000000000000000000000000000000000000000</ipxact:configurableElementValue>
                    <ipxact:configurableElementValue referenceId="INIT_VALUE_15">0x0000000000000000000000000000000000000000000000000000000000000000</ipxact:configurableElementValue>
                    <ipxact:configurableElementValue referenceId="INIT_VALUE_16">0x0000000000000000000000000000000000000000000000000000000000000000</ipxact:configurableElementValue>
                    <ipxact:configurableElementValue referenceId="INIT_VALUE_17">0x0000000000000000000000000000000000000000000000000000000000000000</ipxact:configurableElementValue>
                    <ipxact:configurableElementValue referenceId="INIT_VALUE_18">0x0000000000000000000000000000000000000000000000000000000000000000</ipxact:configurableElementValue>
                    <ipxact:configurableElementValue referenceId="INIT_VALUE_19">0x0000000000000000000000000000000000000000000000000000000000000000</ipxact:configurableElementValue>
                    <ipxact:configurableElementValue referenceId="INIT_VALUE_1A">0x0000000000000000000000000000000000000000000000000000000000000000</ipxact:configurableElementValue>
                    <ipxact:configurableElementValue referenceId="INIT_VALUE_1B">0x0000000000000000000000000000000000000000000000000000000000000000</ipxact:configurableElementValue>
                    <ipxact:configurableElementValue referenceId="INIT_VALUE_1C">0x0000000000000000000000000000000000000000000000000000000000000000</ipxact:configurableElementValue>
                    <ipxact:configurableElementValue referenceId="INIT_VALUE_1D">0x0000000000000000000000000000000000000000000000000000000000000000</ipxact:configurableElementValue>
                    <ipxact:configurableElementValue referenceId="INIT_VALUE_1E">0x0000000000000000000000000000000000000000000000000000000000000000</ipxact:configurableElementValue>
                    <ipxact:configurableElementValue referenceId="INIT_VALUE_1F">0x0000000000000000000000000000000000000000000000000000000000000000</ipxact:configurableElementValue>
                    <ipxact:configurableElementValue referenceId="INIT_VALUE_20">0x0000000000000000000000000000000000000000000000000000000000000000</ipxact:configurableElementValue>
                    <ipxact:configurableElementValue referenceId="INIT_VALUE_21">0x0000000000000000000000000000000000000000000000000000000000000000</ipxact:configurableElementValue>
                    <ipxact:configurableElementValue referenceId="INIT_VALUE_22">0x0000000000000000000000000000000000000000000000000000000000000000</ipxact:configurableElementValue>
                    <ipxact:configurableElementValue referenceId="INIT_VALUE_23">0x0000000000000000000000000000000000000000000000000000000000000000</ipxact:configurableElementValue>
                    <ipxact:configurableElementValue referenceId="INIT_VALUE_24">0x0000000000000000000000000000000000000000000000000000000000000000</ipxact:configurableElementValue>
                    <ipxact:configurableElementValue referenceId="INIT_VALUE_25">0x0000000000000000000000000000000000000000000000000000000000000000</ipxact:configurableElementValue>
                    <ipxact:configurableElementValue referenceId="INIT_VALUE_26">0x0000000000000000000000000000000000000000000000000000000000000000</ipxact:configurableElementValue>
                    <ipxact:configurableElementValue referenceId="INIT_VALUE_27">0x0000000000000000000000000000000000000000000000000000000000000000</ipxact:configurableElementValue>
                    <ipxact:configurableElementValue referenceId="INIT_VALUE_28">0x0000000000000000000000000000000000000000000000000000000000000000</ipxact:configurableElementValue>
                    <ipxact:configurableElementValue referenceId="INIT_VALUE_29">0x0000000000000000000000000000000000000000000000000000000000000000</ipxact:configurableElementValue>
                    <ipxact:configurableElementValue referenceId="INIT_VALUE_2A">0x0000000000000000000000000000000000000000000000000000000000000000</ipxact:configurableElementValue>
                    <ipxact:configurableElementValue referenceId="INIT_VALUE_2B">0x0000000000000000000000000000000000000000000000000000000000000000</ipxact:configurableElementValue>
                    <ipxact:configurableElementValue referenceId="INIT_VALUE_2C">0x0000000000000000000000000000000000000000000000000000000000000000</ipxact:configurableElementValue>
                    <ipxact:configurableElementValue referenceId="INIT_VALUE_2D">0x0000000000000000000000000000000000000000000000000000000000000000</ipxact:configurableElementValue>
                    <ipxact:configurableElementValue referenceId="INIT_VALUE_2E">0x0000000000000000000000000000000000000000000000000000000000000000</ipxact:configurableElementValue>
                    <ipxact:configurableElementValue referenceId="INIT_VALUE_2F">0x0000000000000000000000000000000000000000000000000000000000000000</ipxact:configurableElementValue>
                    <ipxact:configurableElementValue referenceId="INIT_VALUE_30">0x0000000000000000000000000000000000000000000000000000000000000000</ipxact:configurableElementValue>
                    <ipxact:configurableElementValue referenceId="INIT_VALUE_31">0x0000000000000000000000000000000000000000000000000000000000000000</ipxact:configurableElementValue>
                    <ipxact:configurableElementValue referenceId="INIT_VALUE_32">0x0000000000000000000000000000000000000000000000000000000000000000</ipxact:configurableElementValue>
                    <ipxact:configurableElementValue referenceId="INIT_VALUE_33">0x0000000000000000000000000000000000000000000000000000000000000000</ipxact:configurableElementValue>
                    <ipxact:configurableElementValue referenceId="INIT_VALUE_34">0x0000000000000000000000000000000000000000000000000000000000000000</ipxact:configurableElementValue>
                    <ipxact:configurableElementValue referenceId="INIT_VALUE_35">0x0000000000000000000000000000000000000000000000000000000000000000</ipxact:configurableElementValue>
                    <ipxact:configurableElementValue referenceId="INIT_VALUE_36">0x0000000000000000000000000000000000000000000000000000000000000000</ipxact:configurableElementValue>
                    <ipxact:configurableElementValue referenceId="INIT_VALUE_37">0x0000000000000000000000000000000000000000000000000000000000000000</ipxact:configurableElementValue>
                    <ipxact:configurableElementValue referenceId="INIT_VALUE_38">0x0000000000000000000000000000000000000000000000000000000000000000</ipxact:configurableElementValue>
                    <ipxact:configurableElementValue referenceId="INIT_VALUE_39">0x0000000000000000000000000000000000000000000000000000000000000000</ipxact:configurableElementValue>
                    <ipxact:configurableElementValue referenceId="INIT_VALUE_3A">0x0000000000000000000000000000000000000000000000000000000000000000</ipxact:configurableElementValue>
                    <ipxact:configurableElementValue referenceId="INIT_VALUE_3B">0x0000000000000000000000000000000000000000000000000000000000000000</ipxact:configurableElementValue>
                    <ipxact:configurableElementValue referenceId="INIT_VALUE_3C">0x0000000000000000000000000000000000000000000000000000000000000000</ipxact:configurableElementValue>
                    <ipxact:configurableElementValue referenceId="INIT_VALUE_3D">0x0000000000000000000000000000000000000000000000000000000000000000</ipxact:configurableElementValue>
                    <ipxact:configurableElementValue referenceId="INIT_VALUE_3E">0x0000000000000000000000000000000000000000000000000000000000000000</ipxact:configurableElementValue>
                    <ipxact:configurableElementValue referenceId="INIT_VALUE_3F">0x0000000000000000000000000000000000000000000000000000000000000000</ipxact:configurableElementValue>
                    <ipxact:configurableElementValue referenceId="INIT_VALUE_40">0x0000000000000000000000000000000000000000000000000000000000000000</ipxact:configurableElementValue>
                    <ipxact:configurableElementValue referenceId="INIT_VALUE_41">0x0000000000000000000000000000000000000000000000000000000000000000</ipxact:configurableElementValue>
                    <ipxact:configurableElementValue referenceId="INIT_VALUE_42">0x0000000000000000000000000000000000000000000000000000000000000000</ipxact:configurableElementValue>
                    <ipxact:configurableElementValue referenceId="INIT_VALUE_43">0x0000000000000000000000000000000000000000000000000000000000000000</ipxact:configurableElementValue>
                    <ipxact:configurableElementValue referenceId="INIT_VALUE_44">0x0000000000000000000000000000000000000000000000000000000000000000</ipxact:configurableElementValue>
                    <ipxact:configurableElementValue referenceId="INIT_VALUE_45">0x0000000000000000000000000000000000000000000000000000000000000000</ipxact:configurableElementValue>
                    <ipxact:configurableElementValue referenceId="INIT_VALUE_46">0x0000000000000000000000000000000000000000000000000000000000000000</ipxact:configurableElementValue>
                    <ipxact:configurableElementValue referenceId="INIT_VALUE_47">0x0000000000000000000000000000000000000000000000000000000000000000</ipxact:configurableElementValue>
                    <ipxact:configurableElementValue referenceId="INIT_VALUE_48">0x0000000000000000000000000000000000000000000000000000000000000000</ipxact:configurableElementValue>
                    <ipxact:configurableElementValue referenceId="INIT_VALUE_49">0x0000000000000000000000000000000000000000000000000000000000000000</ipxact:configurableElementValue>
                    <ipxact:configurableElementValue referenceId="INIT_VALUE_4A">0x0000000000000000000000000000000000000000000000000000000000000000</ipxact:configurableElementValue>
                    <ipxact:configurableElementValue referenceId="INIT_VALUE_4B">0x0000000000000000000000000000000000000000000000000000000000000000</ipxact:configurableElementValue>
                    <ipxact:configurableElementValue referenceId="INIT_VALUE_4C">0x0000000000000000000000000000000000000000000000000000000000000000</ipxact:configurableElementValue>
                    <ipxact:configurableElementValue referenceId="INIT_VALUE_4D">0x0000000000000000000000000000000000000000000000000000000000000000</ipxact:configurableElementValue>
                    <ipxact:configurableElementValue referenceId="INIT_VALUE_4E">0x0000000000000000000000000000000000000000000000000000000000000000</ipxact:configurableElementValue>
                    <ipxact:configurableElementValue referenceId="INIT_VALUE_4F">0x0000000000000000000000000000000000000000000000000000000000000000</ipxact:configurableElementValue>
                    <ipxact:configurableElementValue referenceId="INIT_VALUE_50">0x0000000000000000000000000000000000000000000000000000000000000000</ipxact:configurableElementValue>
                    <ipxact:configurableElementValue referenceId="INIT_VALUE_51">0x0000000000000000000000000000000000000000000000000000000000000000</ipxact:configurableElementValue>
                    <ipxact:configurableElementValue referenceId="INIT_VALUE_52">0x0000000000000000000000000000000000000000000000000000000000000000</ipxact:configurableElementValue>
                    <ipxact:configurableElementValue referenceId="INIT_VALUE_53">0x0000000000000000000000000000000000000000000000000000000000000000</ipxact:configurableElementValue>
                    <ipxact:configurableElementValue referenceId="INIT_VALUE_54">0x0000000000000000000000000000000000000000000000000000000000000000</ipxact:configurableElementValue>
                    <ipxact:configurableElementValue referenceId="INIT_VALUE_55">0x0000000000000000000000000000000000000000000000000000000000000000</ipxact:configurableElementValue>
                    <ipxact:configurableElementValue referenceId="INIT_VALUE_56">0x0000000000000000000000000000000000000000000000000000000000000000</ipxact:configurableElementValue>
                    <ipxact:configurableElementValue referenceId="INIT_VALUE_57">0x0000000000000000000000000000000000000000000000000000000000000000</ipxact:configurableElementValue>
                    <ipxact:configurableElementValue referenceId="INIT_VALUE_58">0x0000000000000000000000000000000000000000000000000000000000000000</ipxact:configurableElementValue>
                    <ipxact:configurableElementValue referenceId="INIT_VALUE_59">0x0000000000000000000000000000000000000000000000000000000000000000</ipxact:configurableElementValue>
                    <ipxact:configurableElementValue referenceId="INIT_VALUE_5A">0x0000000000000000000000000000000000000000000000000000000000000000</ipxact:configurableElementValue>
                    <ipxact:configurableElementValue referenceId="INIT_VALUE_5B">0x0000000000000000000000000000000000000000000000000000000000000000</ipxact:configurableElementValue>
                    <ipxact:configurableElementValue referenceId="INIT_VALUE_5C">0x0000000000000000000000000000000000000000000000000000000000000000</ipxact:configurableElementValue>
                    <ipxact:configurableElementValue referenceId="INIT_VALUE_5D">0x0000000000000000000000000000000000000000000000000000000000000000</ipxact:configurableElementValue>
                    <ipxact:configurableElementValue referenceId="INIT_VALUE_5E">0x0000000000000000000000000000000000000000000000000000000000000000</ipxact:configurableElementValue>
                    <ipxact:configurableElementValue referenceId="INIT_VALUE_5F">0x0000000000000000000000000000000000000000000000000000000000000000</ipxact:configurableElementValue>
                    <ipxact:configurableElementValue referenceId="INIT_VALUE_60">0x0000000000000000000000000000000000000000000000000000000000000000</ipxact:configurableElementValue>
                    <ipxact:configurableElementValue referenceId="INIT_VALUE_61">0x0000000000000000000000000000000000000000000000000000000000000000</ipxact:configurableElementValue>
                    <ipxact:configurableElementValue referenceId="INIT_VALUE_62">0x0000000000000000000000000000000000000000000000000000000000000000</ipxact:configurableElementValue>
                    <ipxact:configurableElementValue referenceId="INIT_VALUE_63">0x0000000000000000000000000000000000000000000000000000000000000000</ipxact:configurableElementValue>
                    <ipxact:configurableElementValue referenceId="INIT_VALUE_64">0x0000000000000000000000000000000000000000000000000000000000000000</ipxact:configurableElementValue>
                    <ipxact:configurableElementValue referenceId="INIT_VALUE_65">0x0000000000000000000000000000000000000000000000000000000000000000</ipxact:configurableElementValue>
                    <ipxact:configurableElementValue referenceId="INIT_VALUE_66">0x0000000000000000000000000000000000000000000000000000000000000000</ipxact:configurableElementValue>
                    <ipxact:configurableElementValue referenceId="INIT_VALUE_67">0x0000000000000000000000000000000000000000000000000000000000000000</ipxact:configurableElementValue>
                    <ipxact:configurableElementValue referenceId="INIT_VALUE_68">0x0000000000000000000000000000000000000000000000000000000000000000</ipxact:configurableElementValue>
                    <ipxact:configurableElementValue referenceId="INIT_VALUE_69">0x0000000000000000000000000000000000000000000000000000000000000000</ipxact:configurableElementValue>
                    <ipxact:configurableElementValue referenceId="INIT_VALUE_6A">0x0000000000000000000000000000000000000000000000000000000000000000</ipxact:configurableElementValue>
                    <ipxact:configurableElementValue referenceId="INIT_VALUE_6B">0x0000000000000000000000000000000000000000000000000000000000000000</ipxact:configurableElementValue>
                    <ipxact:configurableElementValue referenceId="INIT_VALUE_6C">0x0000000000000000000000000000000000000000000000000000000000000000</ipxact:configurableElementValue>
                    <ipxact:configurableElementValue referenceId="INIT_VALUE_6D">0x0000000000000000000000000000000000000000000000000000000000000000</ipxact:configurableElementValue>
                    <ipxact:configurableElementValue referenceId="INIT_VALUE_6E">0x0000000000000000000000000000000000000000000000000000000000000000</ipxact:configurableElementValue>
                    <ipxact:configurableElementValue referenceId="INIT_VALUE_6F">0x0000000000000000000000000000000000000000000000000000000000000000</ipxact:configurableElementValue>
                    <ipxact:configurableElementValue referenceId="INIT_VALUE_70">0x0000000000000000000000000000000000000000000000000000000000000000</ipxact:configurableElementValue>
                    <ipxact:configurableElementValue referenceId="INIT_VALUE_71">0x0000000000000000000000000000000000000000000000000000000000000000</ipxact:configurableElementValue>
                    <ipxact:configurableElementValue referenceId="INIT_VALUE_72">0x0000000000000000000000000000000000000000000000000000000000000000</ipxact:configurableElementValue>
                    <ipxact:configurableElementValue referenceId="INIT_VALUE_73">0x0000000000000000000000000000000000000000000000000000000000000000</ipxact:configurableElementValue>
                    <ipxact:configurableElementValue referenceId="INIT_VALUE_74">0x0000000000000000000000000000000000000000000000000000000000000000</ipxact:configurableElementValue>
                    <ipxact:configurableElementValue referenceId="INIT_VALUE_75">0x0000000000000000000000000000000000000000000000000000000000000000</ipxact:configurableElementValue>
                    <ipxact:configurableElementValue referenceId="INIT_VALUE_76">0x0000000000000000000000000000000000000000000000000000000000000000</ipxact:configurableElementValue>
                    <ipxact:configurableElementValue referenceId="INIT_VALUE_77">0x0000000000000000000000000000000000000000000000000000000000000000</ipxact:configurableElementValue>
                    <ipxact:configurableElementValue referenceId="INIT_VALUE_78">0x0000000000000000000000000000000000000000000000000000000000000000</ipxact:configurableElementValue>
                    <ipxact:configurableElementValue referenceId="INIT_VALUE_79">0x0000000000000000000000000000000000000000000000000000000000000000</ipxact:configurableElementValue>
                    <ipxact:configurableElementValue referenceId="INIT_VALUE_7A">0x0000000000000000000000000000000000000000000000000000000000000000</ipxact:configurableElementValue>
                    <ipxact:configurableElementValue referenceId="INIT_VALUE_7B">0x0000000000000000000000000000000000000000000000000000000000000000</ipxact:configurableElementValue>
                    <ipxact:configurableElementValue referenceId="INIT_VALUE_7C">0x0000000000000000000000000000000000000000000000000000000000000000</ipxact:configurableElementValue>
                    <ipxact:configurableElementValue referenceId="INIT_VALUE_7D">0x0000000000000000000000000000000000000000000000000000000000000000</ipxact:configurableElementValue>
                    <ipxact:configurableElementValue referenceId="INIT_VALUE_7E">0x0000000000000000000000000000000000000000000000000000000000000000</ipxact:configurableElementValue>
                    <ipxact:configurableElementValue referenceId="INIT_VALUE_7F">0x0000000000000000000000000000000000000000000000000000000000000000</ipxact:configurableElementValue>
                </ipxact:configurableElementValues>
            </ipxact:componentRef>
        </ipxact:componentInstance>
    </ipxact:componentInstances>
    <ipxact:adHocConnections>
        <ipxact:adHocConnection>
            <ipxact:name>RAM.wr_clk_i</ipxact:name>
            <ipxact:portReferences>
                <ipxact:internalPortReference componentRef="RAM" portRef="wr_clk_i"/>
                <ipxact:externalPortReference portRef="wr_clk_i"/>
            </ipxact:portReferences>
        </ipxact:adHocConnection>
        <ipxact:adHocConnection>
            <ipxact:name>RAM.rd_clk_i</ipxact:name>
            <ipxact:portReferences>
                <ipxact:internalPortReference componentRef="RAM" portRef="rd_clk_i"/>
                <ipxact:externalPortReference portRef="rd_clk_i"/>
            </ipxact:portReferences>
        </ipxact:adHocConnection>
        <ipxact:adHocConnection>
            <ipxact:name>RAM.rst_i</ipxact:name>
            <ipxact:portReferences>
                <ipxact:internalPortReference componentRef="RAM" portRef="rst_i"/>
                <ipxact:externalPortReference portRef="rst_i"/>
            </ipxact:portReferences>
        </ipxact:adHocConnection>
        <ipxact:adHocConnection>
            <ipxact:name>RAM.wr_clk_en_i</ipxact:name>
            <ipxact:portReferences>
                <ipxact:internalPortReference componentRef="RAM" portRef="wr_clk_en_i"/>
                <ipxact:externalPortReference portRef="wr_clk_en_i"/>
            </ipxact:portReferences>
        </ipxact:adHocConnection>
        <ipxact:adHocConnection>
            <ipxact:name>RAM.rd_en_i</ipxact:name>
            <ipxact:portReferences>
                <ipxact:internalPortReference componentRef="RAM" portRef="rd_en_i"/>
                <ipxact:externalPortReference portRef="rd_en_i"/>
            </ipxact:portReferences>
        </ipxact:adHocConnection>
        <ipxact:adHocConnection>
            <ipxact:name>RAM.rd_clk_en_i</ipxact:name>
            <ipxact:portReferences>
                <ipxact:internalPortReference componentRef="RAM" portRef="rd_clk_en_i"/>
                <ipxact:externalPortReference portRef="rd_clk_en_i"/>
            </ipxact:portReferences>
        </ipxact:adHocConnection>
        <ipxact:adHocConnection>
            <ipxact:name>RAM.rd_out_clk_en_i</ipxact:name>
            <ipxact:tiedValue>1'b1</ipxact:tiedValue>
            <ipxact:portReferences>
                <ipxact:internalPortReference componentRef="RAM" portRef="rd_out_clk_en_i"/>
            </ipxact:portReferences>
        </ipxact:adHocConnection>
        <ipxact:adHocConnection>
            <ipxact:name>RAM.wr_en_i</ipxact:name>
            <ipxact:portReferences>
                <ipxact:internalPortReference componentRef="RAM" portRef="wr_en_i"/>
                <ipxact:externalPortReference portRef="wr_en_i"/>
            </ipxact:portReferences>
        </ipxact:adHocConnection>
        <ipxact:adHocConnection>
            <ipxact:name>RAM.ben_i</ipxact:name>
            <ipxact:tiedValue>1'b1</ipxact:tiedValue>
            <ipxact:portReferences>
                <ipxact:internalPortReference componentRef="RAM" portRef="ben_i"/>
            </ipxact:portReferences>
        </ipxact:adHocConnection>
        <ipxact:adHocConnection>
            <ipxact:name>RAM.wr_data_i</ipxact:name>
            <ipxact:portReferences>
                <ipxact:internalPortReference componentRef="RAM" portRef="wr_data_i"/>
                <ipxact:externalPortReference portRef="wr_data_i">
                    <ipxact:partSelect>
                        <ipxact:range>
                            <ipxact:left>7</ipxact:left>
                            <ipxact:right>0</ipxact:right>
                        </ipxact:range>
                    </ipxact:partSelect>
                </ipxact:externalPortReference>
            </ipxact:portReferences>
        </ipxact:adHocConnection>
        <ipxact:adHocConnection>
            <ipxact:name>RAM.wr_addr_i</ipxact:name>
            <ipxact:portReferences>
                <ipxact:internalPortReference componentRef="RAM" portRef="wr_addr_i"/>
                <ipxact:externalPortReference portRef="wr_addr_i">
                    <ipxact:partSelect>
                        <ipxact:range>
                            <ipxact:left>5</ipxact:left>
                            <ipxact:right>0</ipxact:right>
                        </ipxact:range>
                    </ipxact:partSelect>
                </ipxact:externalPortReference>
            </ipxact:portReferences>
        </ipxact:adHocConnection>
        <ipxact:adHocConnection>
            <ipxact:name>RAM.rd_addr_i</ipxact:name>
            <ipxact:portReferences>
                <ipxact:internalPortReference componentRef="RAM" portRef="rd_addr_i"/>
                <ipxact:externalPortReference portRef="rd_addr_i">
                    <ipxact:partSelect>
                        <ipxact:range>
                            <ipxact:left>5</ipxact:left>
                            <ipxact:right>0</ipxact:right>
                        </ipxact:range>
                    </ipxact:partSelect>
                </ipxact:externalPortReference>
            </ipxact:portReferences>
        </ipxact:adHocConnection>
        <ipxact:adHocConnection>
            <ipxact:name>RAM.rd_data_o</ipxact:name>
            <ipxact:portReferences>
                <ipxact:internalPortReference componentRef="RAM" portRef="rd_data_o"/>
                <ipxact:externalPortReference portRef="rd_data_o">
                    <ipxact:partSelect>
                        <ipxact:range>
                            <ipxact:left>7</ipxact:left>
                            <ipxact:right>0</ipxact:right>
                        </ipxact:range>
                    </ipxact:partSelect>
                </ipxact:externalPortReference>
            </ipxact:portReferences>
        </ipxact:adHocConnection>
        <ipxact:adHocConnection>
            <ipxact:name>RAM.one_err_det_o</ipxact:name>
            <ipxact:tiedValue>open</ipxact:tiedValue>
            <ipxact:portReferences>
                <ipxact:internalPortReference componentRef="RAM" portRef="one_err_det_o"/>
            </ipxact:portReferences>
        </ipxact:adHocConnection>
        <ipxact:adHocConnection>
            <ipxact:name>RAM.two_err_det_o</ipxact:name>
            <ipxact:tiedValue>open</ipxact:tiedValue>
            <ipxact:portReferences>
                <ipxact:internalPortReference componentRef="RAM" portRef="two_err_det_o"/>
            </ipxact:portReferences>
        </ipxact:adHocConnection>
    </ipxact:adHocConnections>
</ipxact:design>
